EmployeeID,Name,Age,Salary,Pincode,Department
EMP0001,Vihaan Shah,38,57098,334053,Finance
EMP0002,Vihaan Kumar,26,102397,542417,IT
EMP0003,Aarav Patel,34,55495,629903,IT
EMP0004,Meera Verma,55,79987,331148,R&D
EMP0005,Pooja Gupta,21,124458,944962,Finance
EMP0006,Diya Mehta,38,45379,325772,Operations
EMP0007,Vihaan Patel,45,37676,476417,Operations
EMP0008,Riya Gupta,23,120647,581741,HR
EMP0009,Ananya Patel,56,63427,969693,Operations
EMP0010,Pooja Verma,25,31006,793384,Marketing
EMP0011,Aryan Patel,35,138571,205907,Admin
EMP0012,Rohan Singh,44,46319,488162,Operations
EMP0013,Krishna Gupta,25,104840,765822,Finance
EMP0014,Meera Verma,31,85589,497887,Sales
EMP0015,Meera Verma,41,135474,905635,IT
EMP0016,Ishaan Shah,41,77581,380746,HR
EMP0017,Krishna Iyer,41,52869,787277,R&D
EMP0018,Ananya Singh,30,59718,246413,Marketing
EMP0019,Meera Kumar,37,122912,712982,Admin
EMP0020,Pooja Joshi,44,53746,245051,R&D
EMP0021,Aditya Shah,28,45033,757924,Finance
EMP0022,Diya Iyer,25,75432,500156,R&D
EMP0023,Kavya Gupta,56,137824,112038,HR
EMP0024,Meera Gupta,42,39621,407757,Admin
EMP0025,Sai Singh,21,119646,854639,Sales
EMP0026,Kavya Sharma,53,144619,211579,Sales
EMP0027,Kavya Iyer,33,45032,492077,Finance
EMP0028,Meera Kumar,21,103504,439902,R&D
EMP0029,Aarav Patel,44,140175,972064,Sales
EMP0030,Ishaan Shah,36,140082,694916,HR
EMP0031,Aditya Singh,25,124693,658582,Finance
EMP0032,Arjun Singh,56,46643,377932,Admin
EMP0033,Krishna Kumar,33,118447,426858,Admin
EMP0034,Priya Singh,54,84177,226882,Marketing
EMP0035,Ishaan Patel,42,27757,716886,Marketing
EMP0036,Pooja Verma,21,34305,842225,IT
EMP0037,Ishaan Patel,23,137674,446479,HR
EMP0038,Kavya Verma,38,112684,608993,Marketing
EMP0039,Meera Sharma,57,100525,595631,Marketing
EMP0040,Saanvi Joshi,33,37363,201639,Admin
EMP0041,Priya Joshi,47,86213,864491,IT
EMP0042,Vihaan Shah,46,120448,455784,HR
EMP0043,Ishaan Verma,33,95292,570405,Finance
EMP0044,Diya Sharma,38,85637,361941,HR
EMP0045,Ira Kumar,27,31630,783823,IT
EMP0046,Aditya Verma,31,78269,609231,R&D
EMP0047,Krishna Joshi,24,46579,497382,IT
EMP0048,Ananya Gupta,50,62388,543555,R&D
EMP0049,Arjun Verma,39,53534,161324,IT
EMP0050,Aditi Shah,24,101569,599948,Finance
EMP0051,Vivaan Kumar,26,136587,294851,HR
EMP0052,Riya Patel,36,77923,225710,Marketing
EMP0053,Pooja Iyer,23,106183,185965,Admin
EMP0054,Pooja Iyer,54,66467,373432,Marketing
EMP0055,Aditi Verma,37,76876,237235,Sales
EMP0056,Ira Mehta,25,26220,580547,HR
EMP0057,Aditya Kumar,34,91307,378082,Finance
EMP0058,Priya Patel,36,73434,398830,Finance
EMP0059,Ira Kumar,40,105173,946305,IT
EMP0060,Meera Gupta,27,148067,240814,Sales
EMP0061,Vihaan Patel,56,45374,385577,Sales
EMP0062,Riya Verma,42,51685,820892,Sales
EMP0063,Kavya Singh,37,143664,987204,IT
EMP0064,Aditya Joshi,38,30778,103717,Operations
EMP0065,Arjun Gupta,31,122154,563298,Admin
EMP0066,Meera Shah,28,34862,824586,Finance
EMP0067,Meera Shah,44,101350,679364,Finance
EMP0068,Diya Sharma,23,65404,482364,IT
EMP0069,Priya Verma,36,112416,207786,Operations
EMP0070,Meera Joshi,60,123235,262060,Marketing
EMP0071,Sai Sharma,47,28248,288073,Operations
EMP0072,Diya Verma,38,45866,925622,HR
EMP0073,Ananya Shah,51,54154,309267,R&D
EMP0074,Priya Gupta,35,54219,124813,Marketing
EMP0075,Ananya Mehta,38,138292,172792,Sales
EMP0076,Priya Kumar,46,114065,984642,Operations
EMP0077,Aarav Patel,37,48405,708792,Sales
EMP0078,Vivaan Patel,59,81959,462479,Operations
EMP0079,Diya Iyer,53,40157,503906,Marketing
EMP0080,Rohan Shah,48,25221,645175,Marketing
EMP0081,Priya Joshi,25,149370,796503,Operations
EMP0082,Riya Mehta,28,119339,414910,Sales
EMP0083,Diya Mehta,46,116384,410016,Finance
EMP0084,Krishna Joshi,45,113777,884475,Finance
EMP0085,Riya Iyer,40,78225,674553,IT
EMP0086,Aryan Gupta,34,81346,923927,Operations
EMP0087,Ira Singh,49,113555,324082,R&D
EMP0088,Sai Patel,39,92561,796101,Operations
EMP0089,Aditya Verma,40,54444,945742,Marketing
EMP0090,Arjun Shah,23,57092,598216,HR
EMP0091,Ira Joshi,57,50485,853240,Admin
EMP0092,Saanvi Joshi,36,44342,787926,IT
EMP0093,Vihaan Joshi,35,48053,943170,R&D
EMP0094,Vivaan Kumar,36,145254,989545,HR
EMP0095,Ira Sharma,50,112500,656932,Operations
EMP0096,Ira Iyer,53,80933,970914,R&D
EMP0097,Sai Singh,49,58972,888295,Marketing
EMP0098,Rohan Kumar,52,107149,350867,Sales
EMP0099,Ira Patel,39,55735,384913,Operations
EMP0100,Aditi Kumar,26,43136,258157,Marketing
EMP0101,Ananya Sharma,34,33418,535020,Admin
EMP0102,Aditi Kumar,50,79496,165290,Marketing
EMP0103,Diya Joshi,58,149002,829308,IT
EMP0104,Pooja Joshi,51,25772,468845,Sales
EMP0105,Ananya Joshi,55,122978,870319,Marketing
EMP0106,Saanvi Verma,38,82125,609232,IT
EMP0107,Ananya Mehta,46,119919,273061,R&D
EMP0108,Arjun Iyer,55,28534,513160,IT
EMP0109,Aditya Joshi,29,138619,584125,Finance
EMP0110,Vivaan Gupta,45,67906,321941,R&D
EMP0111,Aditi Mehta,45,61471,888539,Admin
EMP0112,Rohan Patel,51,27540,885408,IT
EMP0113,Priya Verma,25,127397,783414,IT
EMP0114,Aarav Verma,33,134999,121369,Finance
EMP0115,Ishaan Sharma,51,112747,219946,Marketing
EMP0116,Ira Gupta,44,46992,735324,HR
EMP0117,Sai Gupta,27,100849,126925,Sales
EMP0118,Pooja Joshi,46,148400,849747,Marketing
EMP0119,Aditya Iyer,36,38356,831059,Sales
EMP0120,Riya Patel,57,127581,143064,Operations
EMP0121,Meera Joshi,44,34038,630538,Operations
EMP0122,Aarav Joshi,52,38833,554582,Operations
EMP0123,Ira Sharma,48,48086,869440,Sales
EMP0124,Riya Kumar,51,85931,556732,Sales
EMP0125,Aditi Verma,26,61559,572700,Marketing
EMP0126,Ira Iyer,60,112580,497399,Operations
EMP0127,Aarav Singh,41,48834,611233,Marketing
EMP0128,Priya Gupta,42,61655,725113,Sales
EMP0129,Meera Shah,54,149264,300337,HR
EMP0130,Ishaan Joshi,52,97768,894993,Marketing
EMP0131,Saanvi Singh,49,128931,118080,HR
EMP0132,Aryan Verma,46,115673,355123,Sales
EMP0133,Pooja Mehta,51,97544,656711,Operations
EMP0134,Diya Kumar,42,71112,836996,R&D
EMP0135,Rohan Gupta,37,55217,226516,Marketing
EMP0136,Aditi Patel,55,149633,899213,Finance
EMP0137,Krishna Verma,51,61241,859782,Sales
EMP0138,Vihaan Verma,39,54816,478411,Finance
EMP0139,Aryan Shah,55,41591,387636,IT
EMP0140,Vivaan Kumar,39,116411,232413,R&D
EMP0141,Vihaan Shah,57,62268,592198,R&D
EMP0142,Ira Mehta,32,31734,364742,R&D
EMP0143,Vihaan Patel,46,89454,177680,IT
EMP0144,Arjun Sharma,57,149403,418594,HR
EMP0145,Ishaan Patel,56,125197,536390,Marketing
EMP0146,Kavya Joshi,49,144079,564226,Sales
EMP0147,Pooja Joshi,40,99531,751194,IT
EMP0148,Riya Patel,34,106987,321275,Sales
EMP0149,Aditya Sharma,36,47782,678805,HR
EMP0150,Sai Shah,47,84048,822858,R&D
EMP0151,Aryan Shah,35,62762,841296,Sales
EMP0152,Ira Patel,35,146098,377405,Marketing
EMP0153,Diya Patel,55,54466,779094,Finance
EMP0154,Rohan Sharma,25,32816,273982,Sales
EMP0155,Riya Iyer,39,82560,230394,R&D
EMP0156,Aryan Joshi,38,90597,666211,R&D
EMP0157,Ira Patel,59,30224,553014,Operations
EMP0158,Riya Gupta,22,36970,340044,IT
EMP0159,Rohan Iyer,23,125022,893005,Finance
EMP0160,Saanvi Kumar,49,145071,391668,Finance
EMP0161,Pooja Joshi,52,36959,592841,Operations
EMP0162,Diya Mehta,41,112835,209680,Finance
EMP0163,Aditi Joshi,52,62777,794769,Admin
EMP0164,Meera Shah,50,36542,429795,Sales
EMP0165,Aditi Patel,46,138365,639593,IT
EMP0166,Meera Singh,47,32104,296694,Operations
EMP0167,Riya Singh,49,124613,154118,Marketing
EMP0168,Rohan Kumar,29,146591,402020,R&D
EMP0169,Saanvi Patel,22,107578,738448,Marketing
EMP0170,Sai Gupta,56,26792,679077,Admin
EMP0171,Aditya Verma,28,85482,223172,Finance
EMP0172,Saanvi Gupta,53,117459,386706,Admin
EMP0173,Saanvi Singh,36,84871,678043,Finance
EMP0174,Ananya Verma,59,91616,882544,Finance
EMP0175,Aditya Gupta,47,69548,925981,Sales
EMP0176,Aarav Gupta,40,134769,715448,R&D
EMP0177,Arjun Singh,55,88483,461888,Operations
EMP0178,Meera Kumar,45,84682,437408,Marketing
EMP0179,Ishaan Iyer,45,55613,997594,Admin
EMP0180,Vivaan Mehta,51,117435,950823,Admin
EMP0181,Ananya Sharma,52,29852,232378,Operations
EMP0182,Vihaan Singh,27,93937,579123,IT
EMP0183,Arjun Joshi,30,34807,592296,Sales
EMP0184,Aditi Iyer,46,110175,184216,Operations
EMP0185,Meera Joshi,41,107155,853629,R&D
EMP0186,Meera Shah,60,33968,346174,Sales
EMP0187,Ishaan Patel,48,37903,897305,HR
EMP0188,Ira Sharma,40,143413,130353,IT
EMP0189,Aditi Shah,39,71984,493049,Admin
EMP0190,Arjun Verma,54,79008,693418,Finance
EMP0191,Sai Sharma,26,104887,501126,Marketing
EMP0192,Saanvi Iyer,30,55433,583550,Sales
EMP0193,Ira Gupta,21,142821,943718,R&D
EMP0194,Aryan Kumar,31,34681,563187,Operations
EMP0195,Pooja Gupta,48,115480,362246,R&D
EMP0196,Aryan Verma,45,136848,606680,HR
EMP0197,Ishaan Joshi,57,72049,702733,Sales
EMP0198,Aryan Shah,46,60976,108491,IT
EMP0199,Riya Singh,39,126677,937665,Marketing
EMP0200,Riya Mehta,35,108442,299367,Sales
EMP0201,Arjun Patel,23,65492,926918,R&D
EMP0202,Vivaan Iyer,44,120991,237795,HR
EMP0203,Aryan Mehta,47,48021,310548,Finance
EMP0204,Meera Mehta,54,90771,385765,Finance
EMP0205,Rohan Singh,39,122853,455168,HR
EMP0206,Ira Patel,30,123848,336574,Admin
EMP0207,Meera Mehta,26,128636,513741,IT
EMP0208,Rohan Kumar,28,84609,486490,Sales
EMP0209,Pooja Joshi,44,39201,807617,Marketing
EMP0210,Saanvi Shah,60,140898,688678,Operations
EMP0211,Riya Verma,25,108283,963874,R&D
EMP0212,Aryan Joshi,28,43320,147549,IT
EMP0213,Aryan Singh,28,37739,346205,Finance
EMP0214,Ananya Singh,44,112881,879238,Admin
EMP0215,Pooja Sharma,47,110841,203831,R&D
EMP0216,Riya Joshi,38,29288,823811,Operations
EMP0217,Krishna Singh,49,149591,347582,Operations
EMP0218,Vihaan Mehta,55,143187,776149,Operations
EMP0219,Vivaan Joshi,38,49878,228093,R&D
EMP0220,Aditya Verma,59,27799,153035,Operations
EMP0221,Ishaan Sharma,57,51896,171942,Marketing
EMP0222,Pooja Verma,35,68064,911984,Finance
EMP0223,Riya Shah,38,137513,251716,Finance
EMP0224,Meera Gupta,32,39408,793169,IT
EMP0225,Arjun Shah,43,128544,926730,Marketing
EMP0226,Pooja Mehta,22,47838,378258,IT
EMP0227,Arjun Joshi,54,39896,881886,HR
EMP0228,Saanvi Singh,44,92271,722503,HR
EMP0229,Ira Kumar,35,148917,744986,IT
EMP0230,Kavya Gupta,50,109323,132663,IT
EMP0231,Saanvi Joshi,48,114928,213206,R&D
EMP0232,Ira Patel,26,67219,737846,Finance
EMP0233,Aditya Sharma,38,106830,763829,Operations
EMP0234,Ananya Iyer,54,63652,575755,Admin
EMP0235,Vihaan Patel,56,119481,325468,Admin
EMP0236,Ira Verma,47,69424,967611,R&D
EMP0237,Ananya Joshi,27,65966,547494,Operations
EMP0238,Rohan Mehta,30,115023,597305,HR
EMP0239,Aditya Patel,26,81606,201255,Operations
EMP0240,Arjun Kumar,24,101869,688866,Operations
EMP0241,Vihaan Joshi,43,139505,797660,Admin
EMP0242,Vivaan Gupta,59,65953,468727,HR
EMP0243,Pooja Kumar,34,45280,788637,R&D
EMP0244,Ishaan Patel,43,135804,683286,Operations
EMP0245,Vihaan Gupta,57,54643,946432,Admin
EMP0246,Meera Iyer,60,113470,773918,IT
EMP0247,Riya Gupta,22,48647,386544,Sales
EMP0248,Aditi Mehta,21,48777,250210,Admin
EMP0249,Aditya Sharma,22,37026,882354,Marketing
EMP0250,Ananya Joshi,50,69681,265055,Operations
EMP0251,Aryan Mehta,57,103148,189083,IT
EMP0252,Arjun Sharma,60,31522,806707,HR
EMP0253,Rohan Singh,48,88656,736565,R&D
EMP0254,Diya Gupta,34,123951,637234,HR
EMP0255,Priya Joshi,28,62125,811163,R&D
EMP0256,Kavya Gupta,23,53903,514463,IT
EMP0257,Aarav Verma,40,148905,321494,Finance
EMP0258,Rohan Gupta,41,40726,108105,R&D
EMP0259,Diya Sharma,29,74834,658453,Marketing
EMP0260,Kavya Kumar,43,34447,516359,IT
EMP0261,Diya Shah,50,145738,181644,Operations
EMP0262,Pooja Joshi,57,78008,843963,Admin
EMP0263,Aryan Patel,46,27733,440544,Finance
EMP0264,Riya Singh,44,36551,557925,HR
EMP0265,Ishaan Joshi,58,77487,649414,HR
EMP0266,Ananya Gupta,42,54041,449247,Finance
EMP0267,Aditya Kumar,28,94547,634723,Marketing
EMP0268,Priya Mehta,30,55968,207798,Finance
EMP0269,Rohan Verma,32,103957,260295,HR
EMP0270,Sai Singh,50,123886,691119,R&D
EMP0271,Pooja Iyer,41,138278,757685,Operations
EMP0272,Arjun Singh,25,86462,563688,Sales
EMP0273,Rohan Iyer,24,71129,631981,HR
EMP0274,Aryan Singh,49,29929,159653,Operations
EMP0275,Aryan Patel,26,105610,722937,Admin
EMP0276,Ira Iyer,56,128785,874814,IT
EMP0277,Ira Iyer,33,67143,734394,R&D
EMP0278,Kavya Sharma,24,84050,208529,Operations
EMP0279,Aditya Kumar,32,30130,359778,R&D
EMP0280,Ira Kumar,54,104928,266457,Operations
EMP0281,Priya Gupta,45,78578,912085,Operations
EMP0282,Riya Shah,42,33639,445705,HR
EMP0283,Meera Joshi,39,58029,858889,Finance
EMP0284,Aditi Patel,58,111980,248298,Operations
EMP0285,Aryan Joshi,29,102993,843266,HR
EMP0286,Aryan Kumar,45,109343,930117,Operations
EMP0287,Arjun Kumar,26,109675,803024,Admin
EMP0288,Kavya Mehta,22,72526,423869,Finance
EMP0289,Krishna Mehta,52,50166,337547,Finance
EMP0290,Arjun Patel,39,135680,926403,HR
EMP0291,Kavya Kumar,54,29947,794083,Operations
EMP0292,Riya Sharma,59,74377,261745,Finance
EMP0293,Sai Iyer,31,119526,558933,IT
EMP0294,Diya Mehta,36,83222,740255,Sales
EMP0295,Ira Verma,55,56348,424500,R&D
EMP0296,Krishna Mehta,57,82749,584106,Sales
EMP0297,Ananya Kumar,54,79874,269930,Marketing
EMP0298,Riya Sharma,37,31839,772324,R&D
EMP0299,Priya Kumar,27,118244,986982,HR
EMP0300,Aryan Patel,31,60755,571145,Finance
EMP0301,Diya Patel,35,132046,573041,Operations
EMP0302,Aarav Joshi,24,76964,626392,Operations
EMP0303,Ishaan Joshi,26,74140,335445,IT
EMP0304,Aditi Patel,42,128727,253143,Finance
EMP0305,Vivaan Gupta,51,116235,971482,Finance
EMP0306,Saanvi Singh,60,25688,183074,IT
EMP0307,Rohan Verma,30,96932,862560,Admin
EMP0308,Vihaan Gupta,36,64472,227767,IT
EMP0309,Ishaan Joshi,60,84914,165858,HR
EMP0310,Saanvi Iyer,55,27154,762652,Marketing
EMP0311,Arjun Gupta,48,25205,744674,Operations
EMP0312,Ishaan Iyer,47,49551,796643,HR
EMP0313,Kavya Mehta,25,149964,651613,IT
EMP0314,Ananya Singh,23,108318,505674,Operations
EMP0315,Rohan Shah,43,128352,170841,Operations
EMP0316,Ishaan Patel,58,121362,893435,Operations
EMP0317,Arjun Shah,43,96567,454992,Finance
EMP0318,Ira Singh,32,131364,241403,HR
EMP0319,Ira Shah,39,51422,145934,Marketing
EMP0320,Vivaan Mehta,40,92552,517568,R&D
EMP0321,Rohan Shah,33,62501,474314,IT
EMP0322,Aditi Gupta,28,129771,485896,Admin
EMP0323,Ananya Singh,45,69438,295892,R&D
EMP0324,Saanvi Mehta,54,59959,940064,HR
EMP0325,Diya Patel,48,103964,962287,Finance
EMP0326,Meera Gupta,41,38447,183958,Operations
EMP0327,Aryan Gupta,49,103986,852524,Admin
EMP0328,Sai Singh,43,83606,144412,Operations
EMP0329,Riya Joshi,38,108816,929924,IT
EMP0330,Aditya Joshi,44,92251,940010,Finance
EMP0331,Aarav Sharma,59,113878,919264,R&D
EMP0332,Vivaan Sharma,25,55932,916332,Operations
EMP0333,Priya Joshi,57,29244,734487,Finance
EMP0334,Ira Mehta,44,83188,900152,HR
EMP0335,Pooja Sharma,54,73096,517368,Operations
EMP0336,Rohan Verma,28,28396,871411,Finance
EMP0337,Saanvi Kumar,45,144739,688956,HR
EMP0338,Rohan Gupta,49,53124,741599,Sales
EMP0339,Saanvi Verma,28,42790,994253,HR
EMP0340,Ira Sharma,49,36506,949884,Operations
EMP0341,Priya Patel,56,96063,404466,Sales
EMP0342,Sai Sharma,44,91683,335134,HR
EMP0343,Krishna Sharma,36,128595,618019,IT
EMP0344,Priya Kumar,57,73353,590110,Finance
EMP0345,Riya Patel,25,65539,517500,R&D
EMP0346,Kavya Joshi,47,132916,702826,HR
EMP0347,Arjun Mehta,25,83979,588461,Operations
EMP0348,Arjun Kumar,58,48850,905077,Finance
EMP0349,Diya Kumar,24,133972,230192,Finance
EMP0350,Aryan Sharma,31,67291,843788,Marketing
EMP0351,Priya Kumar,39,135878,182690,Sales
EMP0352,Krishna Kumar,38,41406,755383,Sales
EMP0353,Riya Kumar,26,90873,772124,Finance
EMP0354,Pooja Iyer,30,47439,790731,Operations
EMP0355,Pooja Shah,22,35646,147670,Sales
EMP0356,Krishna Iyer,47,106016,770030,IT
EMP0357,Saanvi Kumar,39,109136,416768,R&D
EMP0358,Ishaan Joshi,40,84446,176517,IT
EMP0359,Sai Singh,47,88471,587002,Marketing
EMP0360,Aditi Iyer,30,65970,853258,Operations
EMP0361,Priya Joshi,29,124701,488539,HR
EMP0362,Aditi Verma,50,41059,380464,R&D
EMP0363,Ishaan Sharma,27,31632,404309,Admin
EMP0364,Riya Joshi,36,138417,267457,Operations
EMP0365,Pooja Mehta,33,125023,267082,R&D
EMP0366,Kavya Singh,52,140222,423528,R&D
EMP0367,Aarav Patel,46,91249,579441,Marketing
EMP0368,Krishna Iyer,43,31377,152995,Sales
EMP0369,Saanvi Iyer,51,62453,662761,IT
EMP0370,Vihaan Joshi,29,140665,377319,Operations
EMP0371,Ananya Mehta,23,77505,153642,Marketing
EMP0372,Priya Kumar,39,34637,505116,R&D
EMP0373,Meera Gupta,60,114181,740725,HR
EMP0374,Arjun Patel,46,73915,933510,Operations
EMP0375,Meera Mehta,30,51090,731728,Admin
EMP0376,Kavya Shah,23,30100,243693,Operations
EMP0377,Saanvi Kumar,50,44521,735710,Finance
EMP0378,Aditi Iyer,41,46299,512042,Sales
EMP0379,Pooja Mehta,53,133565,634473,R&D
EMP0380,Pooja Gupta,51,131921,117445,Operations
EMP0381,Aditi Patel,47,101507,422623,IT
EMP0382,Riya Singh,37,110929,920934,Marketing
EMP0383,Vivaan Iyer,51,47349,649697,Admin
EMP0384,Arjun Verma,23,100047,834549,HR
EMP0385,Krishna Shah,49,66116,539122,Finance
EMP0386,Diya Verma,47,90774,912617,R&D
EMP0387,Vivaan Sharma,54,52176,688132,Operations
EMP0388,Saanvi Kumar,45,66124,281594,R&D
EMP0389,Meera Mehta,55,71437,808699,Sales
EMP0390,Riya Singh,33,57311,392559,Sales
EMP0391,Ishaan Gupta,39,117392,317346,R&D
EMP0392,Aditi Singh,43,98464,934042,Sales
EMP0393,Aryan Patel,57,113686,669576,Admin
EMP0394,Ananya Mehta,30,63070,144109,Sales
EMP0395,Aditya Mehta,49,110979,368900,R&D
EMP0396,Krishna Verma,55,60537,689318,Sales
EMP0397,Arjun Patel,60,122110,715336,Marketing
EMP0398,Ishaan Shah,54,54579,768933,Marketing
EMP0399,Vivaan Patel,47,68292,852204,R&D
EMP0400,Vihaan Sharma,21,97135,265613,Admin
EMP0401,Saanvi Singh,33,124078,401198,Operations
EMP0402,Aryan Shah,26,110498,702022,Marketing
EMP0403,Meera Shah,32,79773,978292,Finance
EMP0404,Vivaan Joshi,52,49420,885386,Sales
EMP0405,Vivaan Shah,40,99443,732063,HR
EMP0406,Aditi Gupta,50,109058,669691,R&D
EMP0407,Arjun Kumar,50,60761,302177,HR
EMP0408,Aditi Sharma,50,109972,369761,Finance
EMP0409,Aarav Mehta,39,99420,807160,Marketing
EMP0410,Sai Iyer,46,133395,548479,Operations
EMP0411,Aditya Joshi,27,49219,247442,R&D
EMP0412,Aditi Verma,21,59181,502206,Marketing
EMP0413,Ira Gupta,42,64576,710754,IT
EMP0414,Rohan Mehta,36,33142,800224,HR
EMP0415,Ira Gupta,31,78138,819400,Sales
EMP0416,Vihaan Gupta,44,105560,331577,Marketing
EMP0417,Arjun Singh,30,84634,884056,Operations
EMP0418,Diya Kumar,51,124267,663628,Marketing
EMP0419,Ishaan Iyer,26,93879,568449,Operations
EMP0420,Aditya Iyer,28,33094,969032,Marketing
EMP0421,Pooja Kumar,30,46566,444056,R&D
EMP0422,Vihaan Verma,58,89071,195359,R&D
EMP0423,Vivaan Singh,29,92272,535604,R&D
EMP0424,Pooja Shah,56,85604,805448,Sales
EMP0425,Aarav Joshi,37,132014,103161,Marketing
EMP0426,Pooja Patel,23,80534,461264,HR
EMP0427,Meera Shah,25,147391,595002,IT
EMP0428,Aryan Joshi,32,125790,242007,Admin
EMP0429,Priya Joshi,49,138982,495833,Admin
EMP0430,Aditya Kumar,29,110660,464663,HR
EMP0431,Sai Kumar,46,94316,233533,Marketing
EMP0432,Aarav Shah,40,85686,806215,Admin
EMP0433,Meera Joshi,35,57441,583000,Operations
EMP0434,Arjun Gupta,33,147868,860242,HR
EMP0435,Vivaan Joshi,60,125408,116405,Marketing
EMP0436,Krishna Patel,27,102849,135207,R&D
EMP0437,Riya Shah,36,122064,146385,Admin
EMP0438,Ira Verma,55,53477,891030,IT
EMP0439,Arjun Kumar,39,55692,955413,Operations
EMP0440,Pooja Iyer,41,56051,416422,Finance
EMP0441,Kavya Verma,47,64387,388519,IT
EMP0442,Meera Iyer,32,107050,811721,Admin
EMP0443,Meera Singh,24,70143,774565,Admin
EMP0444,Kavya Mehta,47,78511,256466,Sales
EMP0445,Ananya Sharma,55,87065,352673,Marketing
EMP0446,Aryan Sharma,50,144896,160423,Admin
EMP0447,Diya Kumar,54,42575,507286,Marketing
EMP0448,Rohan Verma,42,109765,182911,R&D
EMP0449,Priya Patel,55,119972,969695,Marketing
EMP0450,Vivaan Gupta,45,113299,734356,IT
EMP0451,Aditya Verma,58,119936,804066,Marketing
EMP0452,Saanvi Verma,42,64739,116078,Marketing
EMP0453,Krishna Patel,51,144857,354377,Marketing
EMP0454,Ananya Verma,56,67154,913185,Sales
EMP0455,Ananya Singh,55,110029,476710,Sales
EMP0456,Rohan Mehta,53,140711,621433,R&D
EMP0457,Vihaan Singh,41,144843,312994,Operations
EMP0458,Aditi Joshi,23,98731,332022,Finance
EMP0459,Aarav Gupta,56,147520,712401,Admin
EMP0460,Aryan Sharma,33,68236,341192,Admin
EMP0461,Pooja Verma,52,97173,786406,Operations
EMP0462,Rohan Singh,52,85401,276405,Operations
EMP0463,Sai Sharma,55,89004,292988,IT
EMP0464,Kavya Shah,25,148887,957730,IT
EMP0465,Aarav Joshi,29,135434,761338,Marketing
EMP0466,Aditya Sharma,21,53668,630299,R&D
EMP0467,Priya Shah,60,108588,799143,R&D
EMP0468,Saanvi Shah,21,94758,678440,Admin
EMP0469,Aarav Shah,54,119659,388086,Sales
EMP0470,Aarav Kumar,48,130666,287974,HR
EMP0471,Vihaan Kumar,30,56584,301255,Sales
EMP0472,Priya Gupta,46,35357,491172,Admin
EMP0473,Ira Iyer,36,116388,336828,Sales
EMP0474,Aditya Shah,26,78120,497687,Admin
EMP0475,Meera Singh,24,108459,109909,Finance
EMP0476,Aditya Singh,48,109529,922478,Operations
EMP0477,Pooja Patel,54,145475,144618,Marketing
EMP0478,Krishna Iyer,51,60532,148823,HR
EMP0479,Rohan Kumar,57,111259,134500,Finance
EMP0480,Aditi Shah,34,101943,251195,Admin
EMP0481,Aditya Gupta,31,98919,352153,Admin
EMP0482,Meera Mehta,45,124039,875679,Finance
EMP0483,Aditya Kumar,43,32038,202430,Admin
EMP0484,Ishaan Patel,42,104320,906360,Admin
EMP0485,Aditi Shah,38,127701,572436,R&D
EMP0486,Ishaan Mehta,56,148357,493663,Admin
EMP0487,Sai Iyer,45,36232,909676,Sales
EMP0488,Ishaan Patel,26,60123,261712,Admin
EMP0489,Arjun Joshi,41,72277,211726,HR
EMP0490,Aarav Gupta,49,72175,898329,Sales
EMP0491,Vihaan Sharma,26,49561,551914,R&D
EMP0492,Meera Kumar,53,78483,208310,IT
EMP0493,Aditya Mehta,56,37198,725920,Operations
EMP0494,Ananya Shah,39,79238,506637,HR
EMP0495,Meera Verma,57,93302,277820,Admin
EMP0496,Sai Sharma,38,64469,381444,R&D
EMP0497,Arjun Patel,31,81973,389366,Admin
EMP0498,Aryan Singh,25,72333,363926,Marketing
EMP0499,Saanvi Iyer,60,50630,580102,HR
EMP0500,Arjun Gupta,21,149364,514913,Operations
EMP0501,Riya Joshi,42,82700,450996,Admin
EMP0502,Riya Sharma,40,67030,732512,Marketing
EMP0503,Saanvi Mehta,32,77198,434640,Sales
EMP0504,Saanvi Iyer,36,67714,494322,Sales
EMP0505,Ananya Mehta,28,147167,691240,Marketing
EMP0506,Pooja Kumar,32,114353,904905,IT
EMP0507,Ira Verma,49,129554,405482,HR
EMP0508,Diya Singh,29,108012,417543,Marketing
EMP0509,Rohan Sharma,48,128425,495303,HR
EMP0510,Ira Iyer,51,101315,520274,Admin
EMP0511,Meera Shah,44,116964,951755,HR
EMP0512,Vihaan Verma,43,46802,778428,IT
EMP0513,Pooja Joshi,42,129363,551365,HR
EMP0514,Aarav Patel,37,54098,635482,Marketing
EMP0515,Ira Mehta,46,85694,909859,Finance
EMP0516,Priya Shah,51,38703,409783,Admin
EMP0517,Aditya Patel,30,70656,427040,Operations
EMP0518,Ira Verma,54,88298,465219,R&D
EMP0519,Vihaan Singh,49,66800,170437,Sales
EMP0520,Vivaan Patel,22,136303,459743,HR
EMP0521,Sai Verma,54,47865,678719,Finance
EMP0522,Aditi Kumar,48,85562,343118,Admin
EMP0523,Sai Sharma,48,76849,130610,Marketing
EMP0524,Ira Iyer,48,75965,104666,Marketing
EMP0525,Krishna Gupta,25,100674,206694,Finance
EMP0526,Priya Mehta,33,84972,219490,Sales
EMP0527,Saanvi Kumar,41,103246,507517,Admin
EMP0528,Pooja Patel,43,71135,986589,R&D
EMP0529,Riya Sharma,40,145413,744333,HR
EMP0530,Arjun Mehta,28,56270,420214,HR
EMP0531,Sai Mehta,30,91954,507333,Admin
EMP0532,Riya Sharma,57,75293,543588,Finance
EMP0533,Saanvi Kumar,32,97733,274971,R&D
EMP0534,Aryan Sharma,32,66232,982885,R&D
EMP0535,Riya Shah,43,149759,110048,R&D
EMP0536,Arjun Verma,45,98607,629990,R&D
EMP0537,Diya Singh,47,118079,980690,R&D
EMP0538,Saanvi Sharma,26,99107,132359,Marketing
EMP0539,Aryan Shah,38,54470,663723,Sales
EMP0540,Sai Singh,57,122323,910074,R&D
EMP0541,Meera Kumar,28,100066,219754,Sales
EMP0542,Meera Mehta,55,132821,893547,IT
EMP0543,Ira Kumar,34,80725,207391,Marketing
EMP0544,Aryan Shah,49,59447,465509,HR
EMP0545,Ira Patel,36,52509,950083,Operations
EMP0546,Riya Joshi,31,105760,245998,Marketing
EMP0547,Krishna Shah,57,70982,658136,Sales
EMP0548,Riya Kumar,31,67421,838253,Sales
EMP0549,Aryan Iyer,38,149832,999695,HR
EMP0550,Arjun Joshi,24,61349,787757,Finance
EMP0551,Arjun Verma,30,118243,437742,Marketing
EMP0552,Ananya Singh,30,100684,763121,Sales
EMP0553,Diya Joshi,49,34898,764406,HR
EMP0554,Ananya Kumar,38,116056,486999,R&D
EMP0555,Saanvi Mehta,58,25324,911739,HR
EMP0556,Ira Mehta,25,129291,660384,Admin
EMP0557,Krishna Joshi,34,89843,381581,Operations
EMP0558,Aryan Mehta,56,100750,236937,R&D
EMP0559,Aditi Shah,23,38051,756596,R&D
EMP0560,Aarav Patel,31,82840,578693,IT
EMP0561,Diya Verma,29,140624,781571,Sales
EMP0562,Sai Gupta,26,110798,477943,Sales
EMP0563,Aditya Mehta,31,31787,515594,Sales
EMP0564,Ishaan Joshi,26,117235,199807,IT
EMP0565,Krishna Singh,25,42393,722518,Marketing
EMP0566,Kavya Singh,21,26056,829386,Operations
EMP0567,Vihaan Joshi,29,87613,174268,Marketing
EMP0568,Ananya Patel,27,38526,428572,Operations
EMP0569,Aryan Sharma,45,126379,952878,Finance
EMP0570,Arjun Patel,54,98831,108886,Finance
EMP0571,Ira Mehta,34,107323,884616,Finance
EMP0572,Diya Iyer,49,137717,327797,HR
EMP0573,Vihaan Sharma,28,102276,865470,Admin
EMP0574,Priya Joshi,41,128688,246622,Marketing
EMP0575,Rohan Patel,36,97534,730193,Sales
EMP0576,Aarav Gupta,34,92862,736408,Marketing
EMP0577,Ananya Gupta,24,127734,932336,Marketing
EMP0578,Saanvi Joshi,28,56599,623850,HR
EMP0579,Kavya Shah,44,147411,431845,Finance
EMP0580,Ananya Iyer,47,72895,672896,Finance
EMP0581,Saanvi Patel,22,101986,170813,IT
EMP0582,Rohan Verma,23,145924,163406,Admin
EMP0583,Kavya Gupta,53,125546,535612,Admin
EMP0584,Ananya Patel,55,95471,745972,Finance
EMP0585,Rohan Patel,40,35357,636141,Marketing
EMP0586,Arjun Kumar,41,76213,714923,HR
EMP0587,Aryan Joshi,36,32589,356355,HR
EMP0588,Diya Patel,50,105254,738407,IT
EMP0589,Aryan Sharma,28,26660,842287,Finance
EMP0590,Aarav Sharma,52,149913,463546,Sales
EMP0591,Sai Mehta,29,123274,919067,Sales
EMP0592,Vihaan Shah,42,130789,550179,Sales
EMP0593,Kavya Patel,37,118365,704663,HR
EMP0594,Saanvi Singh,53,72202,158132,R&D
EMP0595,Pooja Sharma,44,45618,367508,HR
EMP0596,Pooja Patel,35,122095,633541,IT
EMP0597,Vivaan Shah,36,31026,594681,Operations
EMP0598,Ananya Sharma,32,147049,999138,IT
EMP0599,Meera Joshi,35,67179,360322,Admin
EMP0600,Aditi Gupta,25,99912,490917,HR
EMP0601,Kavya Shah,32,54253,943409,IT
EMP0602,Ananya Patel,50,138512,396020,Sales
EMP0603,Aditi Patel,56,84866,108356,Operations
EMP0604,Krishna Gupta,57,127826,418672,Marketing
EMP0605,Ira Mehta,58,89665,910143,Marketing
EMP0606,Meera Verma,30,25835,529954,IT
EMP0607,Ishaan Kumar,43,108354,980357,IT
EMP0608,Aditi Shah,45,136280,873935,Sales
EMP0609,Vihaan Verma,54,56217,540208,R&D
EMP0610,Vivaan Sharma,38,37193,146032,Marketing
EMP0611,Kavya Joshi,44,85091,884229,HR
EMP0612,Pooja Patel,53,42499,768169,Admin
EMP0613,Aditya Iyer,57,33163,556112,Finance
EMP0614,Ishaan Gupta,37,136530,430310,Admin
EMP0615,Aditi Mehta,49,60645,344959,HR
EMP0616,Krishna Sharma,58,39283,262959,HR
EMP0617,Sai Singh,50,66160,526259,HR
EMP0618,Meera Mehta,34,84233,423284,R&D
EMP0619,Rohan Patel,26,45658,946826,Sales
EMP0620,Riya Shah,34,134566,998182,Operations
EMP0621,Arjun Patel,36,71627,515492,IT
EMP0622,Aryan Gupta,32,29073,524035,R&D
EMP0623,Meera Kumar,36,37415,584487,HR
EMP0624,Arjun Patel,21,33083,970708,Marketing
EMP0625,Arjun Verma,46,73790,819622,HR
EMP0626,Pooja Iyer,37,145249,952227,HR
EMP0627,Aarav Patel,33,143291,777366,R&D
EMP0628,Arjun Patel,42,41059,144770,R&D
EMP0629,Vivaan Sharma,57,81774,961599,Admin
EMP0630,Saanvi Shah,45,114550,547389,Finance
EMP0631,Priya Verma,32,61042,393448,R&D
EMP0632,Arjun Shah,60,106156,746947,Marketing
EMP0633,Aryan Singh,47,140707,677438,R&D
EMP0634,Vivaan Patel,38,75202,243902,Admin
EMP0635,Krishna Kumar,36,107674,941134,IT
EMP0636,Ananya Mehta,51,96371,919394,R&D
EMP0637,Priya Iyer,53,67153,507247,Sales
EMP0638,Sai Shah,41,103265,329659,IT
EMP0639,Rohan Shah,51,94393,474795,Marketing
EMP0640,Sai Patel,36,111096,352867,Sales
EMP0641,Meera Shah,35,100457,987624,Admin
EMP0642,Priya Sharma,32,56005,721301,Operations
EMP0643,Priya Iyer,22,117202,834591,Operations
EMP0644,Pooja Iyer,30,98807,297377,R&D
EMP0645,Meera Gupta,32,89282,139807,HR
EMP0646,Vivaan Verma,59,53679,120896,R&D
EMP0647,Aarav Mehta,60,51406,945619,Finance
EMP0648,Aditi Sharma,41,32806,122977,Finance
EMP0649,Pooja Sharma,28,135949,651860,Operations
EMP0650,Aditya Mehta,46,101810,205939,Operations
EMP0651,Aryan Mehta,29,45644,867926,Admin
EMP0652,Saanvi Mehta,32,117691,689275,Operations
EMP0653,Ishaan Iyer,32,74595,421727,Sales
EMP0654,Arjun Sharma,21,149359,836109,Admin
EMP0655,Pooja Shah,32,103956,433674,Marketing
EMP0656,Pooja Patel,52,43434,447255,HR
EMP0657,Ishaan Mehta,41,47005,767090,HR
EMP0658,Aditi Singh,21,59761,319869,Marketing
EMP0659,Aditya Mehta,37,128156,213282,IT
EMP0660,Vivaan Joshi,49,121021,540038,Finance
EMP0661,Diya Singh,45,71036,672547,Admin
EMP0662,Vihaan Singh,57,110323,895075,Marketing
EMP0663,Sai Singh,25,129752,986846,IT
EMP0664,Aryan Shah,41,59226,209812,HR
EMP0665,Aditi Sharma,45,46090,867541,HR
EMP0666,Meera Patel,42,102860,743453,R&D
EMP0667,Aarav Joshi,31,104602,555292,Finance
EMP0668,Vivaan Patel,42,51941,299212,Admin
EMP0669,Meera Kumar,37,111585,395198,Sales
EMP0670,Ishaan Patel,24,76498,699544,R&D
EMP0671,Arjun Shah,44,25500,548377,HR
EMP0672,Aryan Iyer,51,51171,201698,IT
EMP0673,Krishna Sharma,39,35739,596574,HR
EMP0674,Aryan Joshi,51,89106,793150,Sales
EMP0675,Aditya Kumar,45,49232,489043,Admin
EMP0676,Priya Sharma,49,30848,376085,R&D
EMP0677,Ira Gupta,35,134717,381607,IT
EMP0678,Arjun Patel,26,112574,460491,Admin
EMP0679,Pooja Verma,56,32993,981639,Admin
EMP0680,Kavya Joshi,55,115055,597889,Marketing
EMP0681,Saanvi Gupta,26,76747,995420,IT
EMP0682,Kavya Iyer,54,129916,699245,Finance
EMP0683,Vihaan Singh,32,149395,275284,Marketing
EMP0684,Krishna Sharma,23,80492,182175,Admin
EMP0685,Krishna Sharma,59,58801,435281,HR
EMP0686,Aditya Joshi,56,77082,678870,Operations
EMP0687,Rohan Kumar,50,145214,112964,Admin
EMP0688,Vihaan Joshi,30,44424,694116,HR
EMP0689,Vihaan Iyer,27,127989,399990,Operations
EMP0690,Diya Gupta,45,110824,609172,R&D
EMP0691,Vivaan Sharma,38,77818,250840,Admin
EMP0692,Vivaan Joshi,42,115507,349119,IT
EMP0693,Saanvi Gupta,44,27651,454278,Sales
EMP0694,Aryan Gupta,52,137490,830000,HR
EMP0695,Ishaan Sharma,40,122481,564635,Operations
EMP0696,Rohan Joshi,59,109614,193624,Marketing
EMP0697,Ira Verma,47,122117,607993,Operations
EMP0698,Vivaan Kumar,31,33600,426236,Admin
EMP0699,Arjun Kumar,57,28794,282176,Marketing
EMP0700,Krishna Shah,36,29334,578621,IT
EMP0701,Priya Verma,38,73280,963508,R&D
EMP0702,Kavya Joshi,28,114282,132047,Marketing
EMP0703,Priya Singh,59,83471,286209,R&D
EMP0704,Pooja Kumar,43,70121,271456,Sales
EMP0705,Aditya Gupta,22,75667,152062,Finance
EMP0706,Pooja Verma,35,109853,336047,Marketing
EMP0707,Rohan Joshi,53,27628,918207,IT
EMP0708,Saanvi Sharma,32,103792,939767,IT
EMP0709,Ishaan Gupta,59,130524,420297,Sales
EMP0710,Diya Joshi,43,85161,364239,Marketing
EMP0711,Ira Gupta,54,133044,753898,Admin
EMP0712,Pooja Patel,21,92045,794530,Operations
EMP0713,Meera Iyer,59,62051,412974,HR
EMP0714,Saanvi Patel,42,61239,771712,Operations
EMP0715,Rohan Gupta,40,49688,257212,Marketing
EMP0716,Vivaan Iyer,46,111577,435109,Finance
EMP0717,Aarav Singh,39,59003,538897,Admin
EMP0718,Ananya Shah,58,117808,699829,Marketing
EMP0719,Aditi Verma,55,108665,923024,R&D
EMP0720,Priya Kumar,40,135810,278243,Finance
EMP0721,Aryan Patel,51,41769,876909,Sales
EMP0722,Meera Sharma,42,110778,193637,Marketing
EMP0723,Priya Verma,40,80112,926372,Operations
EMP0724,Priya Gupta,58,63541,586288,HR
EMP0725,Saanvi Shah,58,101062,750803,HR
EMP0726,Saanvi Verma,53,40704,813763,Admin
EMP0727,Kavya Gupta,47,32086,995735,Finance
EMP0728,Arjun Verma,42,78633,697062,R&D
EMP0729,Arjun Mehta,32,127097,184736,R&D
EMP0730,Aditi Sharma,41,108165,160831,IT
EMP0731,Ira Gupta,34,124771,911117,Finance
EMP0732,Pooja Sharma,52,127919,900660,HR
EMP0733,Arjun Iyer,48,108032,550268,Admin
EMP0734,Diya Singh,45,25611,139557,Marketing
EMP0735,Priya Shah,41,124201,973703,Marketing
EMP0736,Aarav Shah,36,54657,827213,Operations
EMP0737,Aryan Sharma,27,75272,627786,Sales
EMP0738,Sai Patel,23,64085,404955,R&D
EMP0739,Kavya Iyer,54,69280,554730,Finance
EMP0740,Aditi Singh,43,123319,297579,Finance
EMP0741,Ananya Shah,35,54402,862491,Finance
EMP0742,Krishna Shah,58,91143,277193,HR
EMP0743,Priya Shah,45,139890,771425,Sales
EMP0744,Meera Iyer,24,102846,150290,HR
EMP0745,Aarav Shah,28,79627,565897,Admin
EMP0746,Vihaan Kumar,37,87180,835962,Finance
EMP0747,Krishna Shah,40,80164,793805,HR
EMP0748,Kavya Gupta,60,104381,834764,Finance
EMP0749,Diya Patel,53,119210,747703,HR
EMP0750,Aryan Patel,27,90239,308296,Marketing
EMP0751,Rohan Kumar,33,71913,837606,Admin
EMP0752,Aryan Sharma,23,96845,620465,Marketing
EMP0753,Saanvi Mehta,36,25358,113368,HR
EMP0754,Vihaan Iyer,52,44548,194458,HR
EMP0755,Vihaan Gupta,35,84867,410401,Sales
EMP0756,Ira Shah,27,131584,283188,IT
EMP0757,Aryan Mehta,41,80836,874415,HR
EMP0758,Vihaan Shah,21,136673,245117,Finance
EMP0759,Aditi Mehta,49,106501,381342,HR
EMP0760,Priya Mehta,32,39920,520245,Admin
EMP0761,Ira Gupta,45,115426,991993,R&D
EMP0762,Diya Sharma,28,42368,829987,IT
EMP0763,Sai Patel,47,144436,719446,R&D
EMP0764,Pooja Singh,32,105127,498197,Operations
EMP0765,Riya Shah,29,88318,611833,HR
EMP0766,Diya Singh,23,33301,374320,Operations
EMP0767,Aarav Kumar,57,119866,692458,Marketing
EMP0768,Aditi Kumar,54,115209,834611,HR
EMP0769,Diya Verma,51,70318,795951,Admin
EMP0770,Arjun Kumar,60,32152,112210,Finance
EMP0771,Kavya Singh,52,138956,273438,HR
EMP0772,Saanvi Mehta,36,68371,391668,IT
EMP0773,Kavya Verma,56,109320,497030,Admin
EMP0774,Ishaan Patel,50,83220,940183,R&D
EMP0775,Aditya Singh,49,66426,224473,R&D
EMP0776,Aarav Patel,46,79046,137572,IT
EMP0777,Aditya Iyer,60,108563,419394,Marketing
EMP0778,Ira Mehta,44,133175,156911,Marketing
EMP0779,Ira Mehta,56,125586,749863,R&D
EMP0780,Priya Singh,28,37771,896204,Marketing
EMP0781,Aarav Mehta,43,133774,764441,Sales
EMP0782,Meera Kumar,44,117025,211486,IT
EMP0783,Sai Singh,29,132720,851678,Admin
EMP0784,Vihaan Gupta,60,50679,296653,HR
EMP0785,Ananya Verma,50,133075,919378,Marketing
EMP0786,Aditi Patel,47,31094,764000,HR
EMP0787,Ira Singh,58,91086,241176,R&D
EMP0788,Aarav Kumar,24,97512,553834,R&D
EMP0789,Kavya Sharma,58,47760,865979,Finance
EMP0790,Vihaan Joshi,59,104450,437477,Admin
EMP0791,Diya Iyer,36,60860,517196,Operations
EMP0792,Aryan Singh,29,43111,532794,Sales
EMP0793,Meera Mehta,56,107913,327900,Marketing
EMP0794,Krishna Iyer,39,114995,462066,Finance
EMP0795,Sai Kumar,55,116004,767814,Operations
EMP0796,Vihaan Mehta,56,87963,711116,Admin
EMP0797,Meera Gupta,48,130946,113390,HR
EMP0798,Aarav Joshi,30,31955,802812,IT
EMP0799,Krishna Gupta,31,62567,816586,Sales
EMP0800,Arjun Shah,39,51738,890200,IT
EMP0801,Priya Singh,27,105754,808340,Marketing
EMP0802,Meera Joshi,36,91967,922405,Sales
EMP0803,Vivaan Joshi,45,79600,926394,Operations
EMP0804,Meera Shah,21,122474,363550,Marketing
EMP0805,Riya Singh,35,144470,764575,Operations
EMP0806,Pooja Kumar,59,50751,913848,Marketing
EMP0807,Aryan Singh,32,114477,178086,Finance
EMP0808,Sai Kumar,28,74440,142608,Admin
EMP0809,Rohan Kumar,37,42048,268746,Sales
EMP0810,Aarav Mehta,50,118020,262325,IT
EMP0811,Arjun Mehta,59,31665,911242,Sales
EMP0812,Saanvi Iyer,56,71934,176421,Operations
EMP0813,Kavya Verma,32,93236,171488,Finance
EMP0814,Diya Kumar,55,77876,196411,Operations
EMP0815,Ishaan Verma,42,68393,478323,Sales
EMP0816,Krishna Iyer,54,87240,688602,IT
EMP0817,Vihaan Mehta,49,56502,773462,Marketing
EMP0818,Vivaan Mehta,45,145053,934883,HR
EMP0819,Ananya Gupta,55,119892,396567,IT
EMP0820,Kavya Mehta,53,130226,633447,R&D
EMP0821,Saanvi Shah,39,142739,783176,Marketing
EMP0822,Aditi Kumar,26,149284,200617,Finance
EMP0823,Meera Kumar,21,107173,168652,Marketing
EMP0824,Krishna Joshi,27,51945,663876,Admin
EMP0825,Aditya Sharma,22,85191,851690,Operations
EMP0826,Vivaan Patel,25,32113,286638,Sales
EMP0827,Meera Patel,57,132691,338703,Sales
EMP0828,Diya Joshi,49,107603,524094,Admin
EMP0829,Aditi Shah,45,113250,224052,IT
EMP0830,Riya Patel,58,30965,834928,HR
EMP0831,Priya Kumar,27,62989,925115,Sales
EMP0832,Riya Patel,39,125306,558936,Admin
EMP0833,Ananya Shah,51,45489,659381,Marketing
EMP0834,Arjun Joshi,55,63663,764845,Finance
EMP0835,Aryan Mehta,21,97551,682032,Finance
EMP0836,Vihaan Shah,21,100067,725637,Admin
EMP0837,Meera Kumar,26,64936,320256,Operations
EMP0838,Krishna Joshi,53,43671,268772,Finance
EMP0839,Ishaan Iyer,37,50470,220190,Finance
EMP0840,Pooja Shah,56,85458,775990,HR
EMP0841,Aryan Patel,37,37871,307007,R&D
EMP0842,Aditi Mehta,29,112988,787313,Marketing
EMP0843,Vihaan Gupta,60,34149,302897,Operations
EMP0844,Saanvi Singh,42,105785,791454,Sales
EMP0845,Pooja Sharma,57,99299,482199,Operations
EMP0846,Diya Sharma,21,66053,358133,Marketing
EMP0847,Diya Gupta,44,42603,812591,Operations
EMP0848,Saanvi Singh,49,72020,912402,Sales
EMP0849,Saanvi Kumar,27,48038,776909,HR
EMP0850,Rohan Sharma,55,50746,376021,HR
EMP0851,Aditya Shah,53,107788,132709,Admin
EMP0852,Pooja Verma,23,97298,373276,R&D
EMP0853,Arjun Mehta,46,54269,909652,Sales
EMP0854,Arjun Singh,53,91900,194952,Admin
EMP0855,Priya Kumar,21,111858,350484,Finance
EMP0856,Kavya Sharma,49,45869,287847,Finance
EMP0857,Saanvi Mehta,23,53681,898461,R&D
EMP0858,Ishaan Patel,37,73422,345386,IT
EMP0859,Krishna Kumar,44,75868,592489,R&D
EMP0860,Vivaan Shah,41,38529,837920,Sales
EMP0861,Rohan Iyer,55,99732,282294,Admin
EMP0862,Ananya Mehta,58,110634,976052,HR
EMP0863,Kavya Gupta,45,143914,333726,Admin
EMP0864,Priya Mehta,52,128895,605529,IT
EMP0865,Kavya Sharma,49,46706,341162,HR
EMP0866,Kavya Gupta,34,44692,295984,Finance
EMP0867,Priya Iyer,28,111652,341535,Admin
EMP0868,Aditi Patel,51,113503,602073,R&D
EMP0869,Krishna Iyer,31,109837,973846,Admin
EMP0870,Aarav Verma,23,41762,701344,Finance
EMP0871,Arjun Kumar,23,141758,700067,Finance
EMP0872,Vivaan Sharma,37,145906,288783,Admin
EMP0873,Riya Iyer,22,140147,854500,Sales
EMP0874,Aditya Verma,49,104498,594312,R&D
EMP0875,Sai Verma,47,103753,249644,Finance
EMP0876,Riya Kumar,37,46983,859364,Operations
EMP0877,Ira Iyer,58,34023,340977,Admin
EMP0878,Ananya Sharma,27,27170,312177,Admin
EMP0879,Arjun Iyer,27,48255,598985,IT
EMP0880,Meera Kumar,28,37214,605666,Finance
EMP0881,Riya Kumar,21,142567,912510,Admin
EMP0882,Kavya Joshi,44,139664,145548,Admin
EMP0883,Ishaan Singh,45,70943,717661,HR
EMP0884,Diya Sharma,37,87539,903061,Marketing
EMP0885,Aditya Gupta,59,139919,670143,Admin
EMP0886,Rohan Verma,21,117949,879769,IT
EMP0887,Pooja Kumar,28,93126,107543,Admin
EMP0888,Krishna Mehta,47,72483,211760,Finance
EMP0889,Diya Iyer,37,59249,996508,Admin
EMP0890,Pooja Mehta,60,61118,813666,Admin
EMP0891,Krishna Joshi,56,127732,684646,R&D
EMP0892,Sai Mehta,56,97733,607259,Sales
EMP0893,Aryan Iyer,43,126475,839764,Admin
EMP0894,Arjun Patel,35,83536,921149,Finance
EMP0895,Vihaan Verma,53,77502,924265,Operations
EMP0896,Meera Iyer,24,46068,508004,IT
EMP0897,Aditya Sharma,51,146354,729402,Admin
EMP0898,Aditya Patel,37,54067,488848,HR
EMP0899,Riya Shah,45,146986,520106,Sales
EMP0900,Riya Shah,32,108924,618382,R&D
EMP0901,Aarav Verma,54,62487,304206,IT
EMP0902,Riya Kumar,54,116547,342924,Finance
EMP0903,Vivaan Mehta,36,110854,100301,Finance
EMP0904,Aditya Gupta,46,71285,802191,Admin
EMP0905,Ananya Iyer,33,92861,116112,HR
EMP0906,Aditya Kumar,39,120176,970071,Operations
EMP0907,Priya Gupta,35,104477,303974,R&D
EMP0908,Ananya Iyer,21,59223,283537,Admin
EMP0909,Kavya Patel,56,34487,627611,Sales
EMP0910,Aditi Patel,53,58776,664032,Sales
EMP0911,Ira Joshi,57,88390,907369,Marketing
EMP0912,Aditi Singh,50,142509,715332,IT
EMP0913,Saanvi Patel,37,33854,501261,Marketing
EMP0914,Ishaan Mehta,47,71281,641593,IT
EMP0915,Rohan Verma,39,37190,518309,Operations
EMP0916,Aditya Kumar,32,87463,429119,Operations
EMP0917,Krishna Iyer,38,48957,882401,Marketing
EMP0918,Saanvi Verma,36,121394,353814,Sales
EMP0919,Krishna Verma,33,134437,361824,Operations
EMP0920,Arjun Patel,28,145610,182300,R&D
EMP0921,Riya Shah,55,30539,989203,R&D
EMP0922,Priya Iyer,41,89532,702427,Sales
EMP0923,Saanvi Sharma,53,61735,517206,Marketing
EMP0924,Pooja Sharma,24,93909,938095,Admin
EMP0925,Saanvi Kumar,23,90860,464158,Admin
EMP0926,Sai Singh,28,116520,643377,R&D
EMP0927,Aditi Shah,21,113356,320989,Admin
EMP0928,Pooja Patel,41,72395,742544,Sales
EMP0929,Sai Kumar,37,56082,382495,R&D
EMP0930,Riya Mehta,44,49105,622998,Admin
EMP0931,Krishna Joshi,44,72851,995825,Admin
EMP0932,Rohan Singh,32,99895,237509,Marketing
EMP0933,Vihaan Gupta,36,97789,553214,Admin
EMP0934,Krishna Sharma,30,86995,944804,IT
EMP0935,Sai Joshi,52,42625,990649,Operations
EMP0936,Saanvi Gupta,37,98680,695417,IT
EMP0937,Ananya Patel,31,32869,325933,Sales
EMP0938,Saanvi Patel,49,122595,450912,Sales
EMP0939,Priya Mehta,56,98071,949363,Sales
EMP0940,Priya Shah,47,40890,468145,Marketing
EMP0941,Pooja Iyer,55,47877,918213,Sales
EMP0942,Priya Mehta,53,88896,912378,R&D
EMP0943,Aditya Joshi,60,62555,586279,Finance
EMP0944,Sai Mehta,47,107742,742053,Admin
EMP0945,Aditya Patel,31,70039,339303,Operations
EMP0946,Aditi Gupta,38,104349,775958,Admin
EMP0947,Rohan Singh,44,123028,715429,R&D
EMP0948,Diya Sharma,32,136963,124223,Finance
EMP0949,Ishaan Gupta,26,52600,275018,Admin
EMP0950,Vihaan Patel,25,147787,596171,IT
EMP0951,Aarav Joshi,54,125269,187295,HR
EMP0952,Rohan Iyer,30,36050,786641,Admin
EMP0953,Aryan Verma,36,121677,397979,R&D
EMP0954,Arjun Sharma,54,134906,278895,IT
EMP0955,Vivaan Mehta,41,138277,599284,R&D
EMP0956,Meera Gupta,56,83306,241678,Finance
EMP0957,Pooja Iyer,50,107712,885290,Admin
EMP0958,Kavya Kumar,40,144134,464032,R&D
EMP0959,Meera Verma,26,82915,422823,Operations
EMP0960,Diya Gupta,30,64789,111068,IT
EMP0961,Kavya Sharma,43,62586,591989,IT
EMP0962,Saanvi Singh,40,26197,903072,Admin
EMP0963,Aryan Iyer,35,129433,107568,Operations
EMP0964,Krishna Joshi,56,82292,513927,Marketing
EMP0965,Sai Joshi,45,53913,375754,HR
EMP0966,Diya Verma,54,125209,938817,Sales
EMP0967,Aryan Kumar,38,79120,297132,HR
EMP0968,Sai Sharma,39,39464,767830,R&D
EMP0969,Riya Singh,38,116812,753004,R&D
EMP0970,Krishna Mehta,22,44942,152042,IT
EMP0971,Sai Patel,39,60283,231113,R&D
EMP0972,Aarav Verma,26,44750,115440,R&D
EMP0973,Krishna Mehta,47,65838,923892,R&D
EMP0974,Priya Singh,23,68286,184120,Finance
EMP0975,Vivaan Gupta,46,34356,669578,R&D
EMP0976,Sai Verma,37,132118,500112,IT
EMP0977,Vihaan Verma,45,126086,564478,Marketing
EMP0978,Vivaan Verma,50,121380,908447,HR
EMP0979,Kavya Verma,51,76003,814544,Sales
EMP0980,Aditi Sharma,23,122612,676276,HR
EMP0981,Rohan Singh,40,51047,477934,IT
EMP0982,Krishna Patel,36,107956,555251,Operations
EMP0983,Aarav Sharma,38,101637,225461,Admin
EMP0984,Ishaan Shah,23,101162,921533,R&D
EMP0985,Riya Sharma,44,126029,193826,Marketing
EMP0986,Sai Singh,26,114908,748696,Operations
EMP0987,Vivaan Shah,43,109485,261395,HR
EMP0988,Arjun Singh,35,66515,685472,Operations
EMP0989,Ira Verma,22,115341,496119,Operations
EMP0990,Arjun Gupta,23,88609,840951,R&D
EMP0991,Meera Gupta,55,116362,613898,Marketing
EMP0992,Pooja Sharma,55,70569,439403,R&D
EMP0993,Rohan Iyer,56,46016,172222,Finance
EMP0994,Ira Gupta,37,95989,484945,R&D
EMP0995,Aarav Kumar,45,121161,294546,IT
EMP0996,Riya Mehta,60,56298,436272,HR
EMP0997,Meera Joshi,33,93690,816412,R&D
EMP0998,Meera Sharma,60,62110,438270,Admin
EMP0999,Aditi Patel,27,93576,790897,HR
EMP1000,Vivaan Sharma,32,139490,132792,Marketing
